worker_id,device_id,upi_id,bank_ifsc,geo_zone_id
1,DEV445983788,ajaymis240@oksbi,KKBK385696,Vasant Kunj
2,DEV910221542,poojash178@okaxis,ICIC390047,Sanganer
3,DEV870349486,sarlatr470@ibl,BARB488652,Mehdipatnam
4,DEV373940341,srikant816@apl,UTIB521475,Banjara Hills
5,DEV521480523,amitsen203@ibl,KKBK947730,Dadar
6,DEV063318916,kavitha773@okicici,UTIB389973,Wakad
7,DEV687668134,ajayana386@ibl,BARB204858,Tonk Rd
8,DEV050638651,gauravk176@apl,AXIS392825,Mylapore
9,DEV867350382,divyahe941@okicici,KKBK330217,Kurla
10,DEV638561299,prashan784@apl,RATN927265,Electronic City
11,DEV902961267,kavitha646@upi,ICIC124400,Vaishali Nagar
12,DEV827471548,bhavana476@jupiteraxis,UBIN540566,Sholinganallur
13,DEV889996245,amitiye608@paytm,AXIS580532,Marathahalli
14,DEV273140953,ajaysin784@apl,SBIN686389,Sholinganallur
15,DEV594810106,lakshmi579@paytm,UTIB398906,Mulund
16,DEV889996245,girishs528@paytm,ICIC106872,C Scheme
17,DEV911225713,rakeshk399@ibl,UBIN501191,Bandra-E
18,DEV191390031,rajanna555@upi,UBIN174715,Borivali-N
19,DEV289254925,yogesht821@ptyes,BARB282964,Velachery
20,DEV989975555,tarashu841@okhdfcbank,UTIB146984,Shivajinagar
21,DEV848370266,rupakoh627@ibl,AXIS955202,Mulund
22,DEV968760359,shwetar934@oksbi,SBIN626480,LB Nagar
23,DEV027178253,sarlash139@okaxis,UBIN807361,Pimpri
24,DEV924575114,srikant802@oksbi,UBIN691866,Mayur Vihar
25,DEV387434497,shwetay969@okhdfcbank,UTIB389973,HSR Layout
26,DEV560497882,hemantm171@okicici,ICIC857441,Hebbal
27,DEV700385402,suganya77@okicici,ICIC994531,Goregaon
28,DEV731587902,rashmiv997@upi,UBIN261633,Electronic City
29,DEV277422154,murugan988@okicici,YESB185600,Jagatpura
30,DEV437588206,manojda456@ybl,UTIB381426,Vaishali Nagar
31,DEV129199194,kiranpa935@paytm,ICIC641384,Sanganer
32,DEV523710504,sarikam845@okaxis,RATN606878,Gachibowli
33,DEV812385877,lakshmi81@paytm,CITI155446,Powai
34,DEV105015119,ravipra557@okicici,HDFC547794,Viman Nagar
35,DEV813344870,jyotiar793@apl,UTIB296229,Tonk Rd
36,DEV548858896,selvamg406@paytm,HDFC306776,Uppal
37,DEV529710502,harishc648@paytm,HDFC937179,Anna Nagar
38,DEV222860891,nishapa347@upi,SBIN536104,Saket
39,DEV613902967,rohanmu376@apl,CITI427175,Rohini-Sec3
40,DEV032281247,rupabos283@jupiteraxis,BARB929310,Uppal
41,DEV803871711,mohanma479@paytm,HDFC617171,Sodala
42,DEV783298039,manojve949@okhdfcbank,UBIN259797,Viman Nagar
43,DEV034440527,ramesht217@okaxis,KKBK439455,CP
44,DEV656745963,prashan457@oksbi,RATN753764,Sanganer
45,DEV160059038,nirmala290@okaxis,IOBA811904,Indiranagar
46,DEV698204229,nikhilr874@okicici,YESB458807,Marathahalli
47,DEV915969987,dineshm853@okicici,HDFC117839,Pitampura
48,DEV110742772,ashamur394@okaxis,ICIC642097,Adyar
49,DEV002325880,snehaya945@jupiteraxis,HDFC219707,Perambur
50,DEV039444617,swatigh191@paytm,UTIB922853,Vaishali Nagar
51,DEV371847207,rohitgo868@upi,BARB516940,Tonk Rd
52,DEV965533192,deepakp118@ibl,IOBA849681,HSR Layout
53,DEV367893647,ganeshv360@paytm,RATN677221,Velachery
54,DEV356696962,meerakh363@jupiteraxis,RATN741374,Kondapur
55,DEV085036117,murugan697@ptyes,CITI569822,Hebbal
56,DEV242432092,nareshs827@apl,CITI226862,Ameerpet
57,DEV017957746,ushaheg905@okaxis,HDFC117839,CP
58,DEV160059038,manishd681@oksbi,UTIB389973,LB Nagar
59,DEV336694973,seemasi490@jupiteraxis,HDFC117839,Hebbal
60,DEV079659826,omkarsh938@oksbi,RATN899055,Vasant Kunj
61,DEV549861873,yogeshr417@apl,UTIB414815,Kurla
62,DEV719662992,yogeshp420@okaxis,SBIN678865,Marathahalli
63,DEV943475121,priyada370@apl,AXIS741873,Avadi
64,DEV933402361,savitha904@upi,SBIN347697,Chinchwad
65,DEV485987033,mohanpi397@apl,YESB533104,Indiranagar
66,DEV504761682,kiranma16@apl,KKBK801034,Goregaon
67,DEV230982781,vinodsu515@ybl,BARB210835,Jagatpura
68,DEV374600281,anuradh416@oksbi,UTIB762634,BTM
69,DEV511330578,tarasub721@okaxis,CNRB686363,Kondhwa
70,DEV757461427,selvamp497@okhdfcbank,HDFC398042,Begumpet
71,DEV672964219,prashan102@okicici,YESB219783,Wanowrie
72,DEV061730241,rajansi432@paytm,CITI155446,Borivali-N
73,DEV995376038,divyaku536@jupiteraxis,KKBK811421,Mylapore
74,DEV563109976,girishk783@okhdfcbank,SBIN762018,Marathahalli
75,DEV850453711,varshas716@ybl,IOBA475767,Janakpuri
76,DEV497971518,praveen483@upi,HDFC629284,Baner
77,DEV561380498,nitarao540@okicici,HDFC638714,Yelahanka
78,DEV634470993,sachinr348@oksbi,AXIS445421,Tambaram
79,DEV278761431,kavitha631@okaxis,CITI155446,Lajpat Nagar
80,DEV733605955,sridhar419@paytm,KKBK844617,Mehdipatnam
81,DEV884558004,gauravt437@ybl,CITI155446,Hebbal
82,DEV044986049,sanjayp677@oksbi,SBIN762018,Borivali-N
83,DEV004903205,srikant489@okhdfcbank,SBIN310844,Kukatpally
84,DEV202710292,priyada970@ptyes,IOBA843361,Murlipura
85,DEV862827207,ganeshp296@paytm,ICIC813850,Hebbal
86,DEV538955482,anitade88@ybl,IOBA203859,Dilsukhnagar
87,DEV281915482,rashmih510@ibl,ICIC588831,Janakpuri
88,DEV053742402,rajeshm892@okhdfcbank,IOBA572504,Lajpat Nagar
89,DEV718032635,jyotidu430@okaxis,ICIC877141,Jhotawara
90,DEV469824064,akashde476@apl,AXIS292637,Mansarovar
91,DEV497228835,naliniv73@upi,ICIC796415,Preet Vihar
92,DEV246858289,rashmiv997@upi,RATN835165,Mylapore
93,DEV422953072,sunitan493@okaxis,PUNB300569,Janakpuri
94,DEV955589908,nitanat960@paytm,CITI561974,Bandra-E
95,DEV974783405,sunilro770@ybl,PUNB501499,Thane-W
96,DEV391179353,shankar161@apl,RATN951757,Baner
97,DEV526572933,saravan528@ptyes,RATN200998,Powai
98,DEV085276985,sarikas555@okaxis,UBIN453767,Kothrud
99,DEV250400917,shantij463@ybl,IOBA104394,Hebbal
100,DEV175250603,divyaag473@okicici,PUNB166403,T Nagar
101,DEV000822381,sarlaiy248@ybl,UBIN550745,Nirman Nagar
102,DEV911225713,kavitat98@okicici,KKBK973962,Jagatpura
103,DEV432647975,harishs517@oksbi,PUNB795447,Banjara Hills
104,DEV911341562,nikhilj23@ybl,KKBK831188,Preet Vihar
105,DEV280234128,priyada117@oksbi,UBIN464070,Pimpri
106,DEV416707776,amittha415@oksbi,HDFC404443,Goregaon
107,DEV152240546,swapnah693@okhdfcbank,KKBK629047,Dwarka-Sec10
108,DEV546407685,jayaahu972@apl,KKBK743675,Electronic City
109,DEV782425082,ganeshp995@oksbi,HDFC117839,Malviya Nagar
110,DEV801563636,geethas919@ibl,CITI113336,Preet Vihar
111,DEV234516131,prashan805@upi,BARB665458,Vikhroli
112,DEV061730241,nitaman745@okhdfcbank,KKBK586723,Rohini-Sec3
113,DEV144390098,nandini547@paytm,UBIN271205,HSR Layout
114,DEV176127809,srikant565@okaxis,CNRB735054,Chrompet
115,DEV160059038,swatima60@okicici,RATN108769,Murlipura
116,DEV129694719,prabhun229@paytm,AXIS624275,Kondhwa
117,DEV207234838,dineshr333@ibl,YESB146512,Bandra-E
118,DEV215236537,adityap649@apl,IOBA897240,Hebbal
119,DEV577644520,bhavana562@ptyes,BARB178607,Chinchwad
120,DEV889996245,vijaych775@ptyes,HDFC311079,Kukatpally
121,DEV991242320,santosh838@oksbi,YESB383388,Aundh
122,DEV170860149,chandra423@oksbi,PUNB237832,Banjara Hills
123,DEV632105316,shrutin386@ybl,PUNB386419,Ameerpet
124,DEV290593735,jayaaro43@paytm,CNRB112706,Hitech City
125,DEV021976393,murugan868@paytm,AXIS402279,Kondapur
126,DEV273212942,varunka245@okicici,RATN937430,Gachibowli
127,DEV386260472,dineshp587@ptyes,BARB846437,Banjara Hills
128,DEV669246510,sarikav551@paytm,CNRB289559,Noida-Sec62
129,DEV536698082,vinodsh910@ybl,BARB846437,Begumpet
130,DEV409603883,madhuri596@okhdfcbank,YESB491727,Malviya Nagar
131,DEV249773440,naveeni993@okicici,BARB571252,Electronic City
132,DEV881046817,snehara64@oksbi,AXIS355555,Avadi
133,DEV411900578,sachinv666@okaxis,HDFC984063,Koramangala
134,DEV804324421,krishna65@ibl,SBIN370810,Preet Vihar
135,DEV293450397,ashokba39@ptyes,UBIN271205,Sanganer
136,DEV798250392,saravan191@oksbi,CITI155446,Pitampura
137,DEV170597448,sudhase102@okicici,CITI155446,Hitech City
138,DEV539930814,archana553@ibl,YESB584166,Hebbal
139,DEV776795698,srikant42@okicici,YESB516246,Janakpuri
140,DEV037741443,nitapan452@okaxis,AXIS158962,Guindy
141,DEV273140953,karthik370@ybl,UTIB218550,Chinchwad
142,DEV603784316,dhanraj644@apl,UBIN648682,Lajpat Nagar
143,DEV918881338,shwetad554@okicici,RATN504987,C Scheme
144,DEV958665717,pavandw828@paytm,KKBK503345,Avadi
145,DEV565227280,seemahe664@okhdfcbank,BARB877663,Kukatpally
146,DEV973626884,anuradh322@jupiteraxis,SBIN375036,Vaishali Nagar
147,DEV928292922,savitha414@apl,AXIS644251,Pimpri
148,DEV351145058,poojati818@okhdfcbank,UTIB406087,Tonk Rd
149,DEV630394115,shantis399@apl,UTIB351592,Chrompet
150,DEV478750269,vanikha369@okicici,UTIB929729,Pitampura
151,DEV564173342,ushanai807@jupiteraxis,HDFC547794,Mayur Vihar
152,DEV196010305,deepakj429@ybl,UBIN462902,Pimpri
153,DEV400548155,hemadas772@okicici,UBIN684329,Electronic City
154,DEV672274984,jyotida365@okhdfcbank,BARB125590,Vasant Kunj
155,DEV535579762,amitbos533@jupiteraxis,AXIS406555,Kothrud
156,DEV466926670,meenawa665@okaxis,CITI629789,Mansarovar
157,DEV179932496,madhuri596@okhdfcbank,IOBA988489,Mylapore
158,DEV342747945,mohanpa901@ybl,KKBK629403,Aundh
159,DEV714470915,prabhuv136@oksbi,RATN489314,Kondhwa
160,DEV194947566,pallavi336@okicici,CITI260932,Wanowrie
161,DEV969939038,snehame811@okaxis,IOBA881883,Rajajinagar
162,DEV911006834,jyotijo264@oksbi,UBIN271205,Banjara Hills
163,DEV782680267,seemasi490@jupiteraxis,RATN754078,Vikhroli
164,DEV400445168,jyotina950@apl,AXIS162241,Whitefield
165,DEV074517827,hemadwi152@okaxis,UBIN992418,Sanganer
166,DEV421599489,sridhar285@apl,CNRB332672,Marathahalli
167,DEV261149896,prakash722@upi,BARB972361,Shivajinagar
168,DEV045960240,muralis872@upi,UBIN178617,Vikhroli
169,DEV558800593,varunde863@okicici,CITI394419,Lajpat Nagar
170,DEV735216584,sureshg597@ibl,RATN831353,Wakad
171,DEV497754706,shwetam255@oksbi,HDFC979455,BTM
172,DEV996663223,meerade915@okicici,ICIC254787,Baner
173,DEV141310780,rashmip109@okhdfcbank,ICIC475100,Guindy
174,DEV622768581,jayared211@oksbi,HDFC826026,CP
175,DEV302257542,rajeshj605@okhdfcbank,CITI155446,Kothrud
176,DEV112730192,nirmala291@apl,ICIC276183,Gachibowli
177,DEV356241524,pallavi641@oksbi,PUNB294181,Kondapur
178,DEV452519179,shrutir872@upi,SBIN954421,Lajpat Nagar
179,DEV132936333,sowmyat164@okicici,UTIB139322,Velachery
180,DEV483852410,seemade990@ptyes,YESB401397,Sholinganallur
181,DEV060022649,vinodse49@okhdfcbank,HDFC157517,C Scheme
182,DEV893838067,anitaan884@paytm,ICIC467901,Velachery
183,DEV523681212,amitcha536@okhdfcbank,BARB677603,Karol Bagh
184,DEV159830827,sudhase64@oksbi,RATN545121,Ameerpet
185,DEV286332107,rajeshd561@apl,HDFC100888,Tonk Rd
186,DEV871021772,padmase732@okaxis,SBIN762018,Bellandur
187,DEV173160581,manojmu875@ptyes,YESB885649,JP Nagar
188,DEV253498120,balamur566@apl,PUNB956212,Jagatpura
189,DEV519482118,nitakum291@ybl,UBIN568184,Kukatpally
190,DEV050110218,sowmyaa459@ybl,HDFC456278,Mulund
191,DEV252603653,bhavana511@ptyes,SBIN405918,Koramangala
192,DEV885721819,nirmala358@okaxis,BARB704803,Kukatpally
193,DEV653759467,divyaah642@okhdfcbank,UTIB260310,Aundh
194,DEV705287113,arjunde449@ptyes,BARB825643,Chrompet
195,DEV629209709,hemasha729@upi,YESB735079,Begumpet
196,DEV490584216,poojaan548@okhdfcbank,CITI155446,Chinchwad
197,DEV096380632,nishase548@okhdfcbank,BARB290294,Dadar
198,DEV998545146,shwetas516@ybl,YESB219783,Preet Vihar
199,DEV425480078,rahulka158@okicici,CNRB260741,Shivajinagar
200,DEV894630510,yogeshr40@upi,CITI931169,Uppal
201,DEV827009390,rupabos283@jupiteraxis,UTIB236028,CP
202,DEV193185921,chandra978@ibl,IOBA748128,Porur
203,DEV664753743,rekhago573@upi,HDFC117839,T Nagar
204,DEV113714148,rupabos283@jupiteraxis,ICIC531266,Saket
205,DEV598225578,kamlaiy66@paytm,UTIB389973,Hinjewadi
206,DEV695005670,girishs825@jupiteraxis,BARB434595,Electronic City
207,DEV985944310,rahulme922@okaxis,UBIN901679,Mansarovar
208,DEV328661634,swatith951@apl,AXIS591336,Perambur
209,DEV047579585,sachinv666@okaxis,UTIB218368,Rajajinagar
210,DEV292498621,nitinhe647@paytm,IOBA214095,Kurla
211,DEV219598174,sanjayk611@paytm,UBIN161485,Porur
212,DEV659702261,ashokka884@ibl,PUNB749952,Hinjewadi
213,DEV665227972,shwetan252@okicici,CNRB295103,JP Nagar
214,DEV877549026,swatisu23@okicici,SBIN723885,Sholinganallur
215,DEV858430663,tarabos152@oksbi,PUNB679557,Hitech City
216,DEV917371901,pavande962@okhdfcbank,ICIC478061,BTM
217,DEV061730241,kavitaj674@oksbi,YESB219783,Dwarka-Sec10
218,DEV736807108,shankar289@ybl,KKBK420325,Vasant Kunj
219,DEV788519400,anbazha361@okicici,KKBK282302,Begumpet
220,DEV977015701,selvams529@paytm,HDFC117839,Adyar
221,DEV937686193,shwetas398@ptyes,ICIC966642,Shivajinagar
222,DEV609491353,dineshg44@paytm,BARB836001,Janakpuri
223,DEV824977824,anbazha212@apl,BARB846437,Kukatpally
224,DEV947359340,anbazha521@paytm,RATN513643,Raja Park
225,DEV761738075,muralib200@ibl,RATN733199,Ameerpet
226,DEV309010352,ushasha432@okaxis,RATN965807,Begumpet
227,DEV213598107,hemantk20@okhdfcbank,AXIS260155,Pimpri
228,DEV834748488,bhavana730@ibl,CNRB446908,Hitech City
229,DEV565087053,sanjaym656@ybl,BARB230856,Gachibowli
230,DEV915644020,archana336@paytm,CNRB616057,Baner
231,DEV616555987,vikramp39@oksbi,KKBK586242,Worli
232,DEV767039794,rajeeva187@ibl,CNRB716826,Malviya Nagar
233,DEV358390205,archana129@ybl,SBIN762018,Kukatpally
234,DEV950254623,pavanpa860@ibl,CNRB413060,Bellandur
235,DEV578244454,sanjays274@okicici,CITI155446,HSR Layout
236,DEV528377426,varshac766@jupiteraxis,PUNB633338,Rohini-Sec3
237,DEV862168057,vidyama123@okaxis,YESB168838,Adyar
238,DEV876395535,kavitha350@apl,SBIN317534,Kurla
239,DEV068611639,nirmala482@okicici,KKBK868267,Sanganer
240,DEV850938282,tarunsh107@okaxis,BARB846437,Marathahalli
241,DEV669319729,anitama909@upi,PUNB583668,Uppal
242,DEV044844815,naveenb890@upi,KKBK723634,Mylapore
243,DEV289493288,sudhirr357@ibl,ICIC121346,Adyar
244,DEV935547582,deepakw113@okhdfcbank,CNRB744219,Murlipura
245,DEV937987592,prashan77@upi,PUNB625636,Hinjewadi
246,DEV510874287,usharag98@ptyes,BARB783371,Raja Park
247,DEV276302190,venkatj417@jupiteraxis,SBIN796157,Sodala
248,DEV564424003,anuradh130@okaxis,SBIN797800,Thane-W
249,DEV339345867,swatima63@ybl,HDFC990699,Vikhroli
250,DEV286425660,nareshm856@oksbi,HDFC927356,Hebbal
251,DEV026239427,pavanma350@ybl,HDFC124561,Jagatpura
252,DEV167247497,anuradh304@okicici,BARB762421,Hitech City
253,DEV344518926,ashokgu869@oksbi,UBIN271205,Goregaon
254,DEV025044554,chandra829@oksbi,UTIB558159,Shivajinagar
255,DEV261592452,rekhasi543@upi,PUNB663739,Mansarovar
256,DEV603837026,sudhama119@oksbi,CITI155446,Dilsukhnagar
257,DEV896311085,deepakt73@upi,RATN211788,Kondhwa
258,DEV761510693,madhuri893@ptyes,SBIN382580,Saket
259,DEV160059038,preetib826@okicici,CITI454213,T Nagar
260,DEV719866593,rohithe770@ibl,IOBA204004,Rohini-Sec3
261,DEV136429872,nandini359@okaxis,YESB219783,Lajpat Nagar
262,DEV415128557,bhavana959@ybl,ICIC259129,Viman Nagar
263,DEV063698676,yogeshv352@paytm,UTIB559179,Bandra-E
264,DEV276622286,sunitas442@upi,CNRB675711,Raja Park
265,DEV497731887,swatise633@upi,AXIS969554,Avadi
266,DEV173800280,girishc446@ybl,CITI224464,Andheri-W
267,DEV867605483,geetaba671@oksbi,UTIB936869,Hebbal
268,DEV772001501,rameshn278@ptyes,AXIS823547,C Scheme
269,DEV304265302,tarakul696@upi,PUNB908451,Murlipura
270,DEV977936549,nitapat384@upi,KKBK390156,Aundh
271,DEV710136543,rohanba348@okaxis,HDFC117839,Hitech City
272,DEV198074987,varunna495@oksbi,PUNB637398,Pitampura
273,DEV289067498,prakash867@okicici,HDFC724654,Tambaram
274,DEV913583392,sunilna390@okicici,CNRB133849,Jagatpura
275,DEV832843346,ganeshk533@upi,CITI155446,HSR Layout
276,DEV350749295,bhaskar153@oksbi,CITI155446,Guindy
277,DEV818750293,priyaku129@okicici,UBIN702148,Rajajinagar
278,DEV593640018,adityav581@apl,HDFC139469,Malviya Nagar
279,DEV987052552,seemama601@okaxis,SBIN872075,Vikhroli
280,DEV911225713,vivekme340@oksbi,KKBK213973,Murlipura
281,DEV791241827,sudhaba530@apl,CNRB956981,Wakad
282,DEV709866804,sunanda845@ybl,CITI127669,Mansarovar
283,DEV579057344,kavitha281@ybl,RATN344887,Avadi
284,DEV031443605,sunilra847@jupiteraxis,BARB846437,Hitech City
285,DEV261972796,dineshk51@ptyes,RATN551577,Aundh
286,DEV271798305,pallavi742@oksbi,YESB157677,Nirman Nagar
287,DEV921139805,vikramr748@oksbi,AXIS672059,Indiranagar
288,DEV367893647,harishv458@upi,HDFC117839,Kurla
289,DEV213967040,praveen696@okicici,YESB269193,Hadapsar
290,DEV990954367,nitaana452@ibl,ICIC125579,HSR Layout
291,DEV142713593,rashmir494@oksbi,YESB219783,Jagatpura
292,DEV207560271,nalinip363@jupiteraxis,CITI383786,Lajpat Nagar
293,DEV918866313,anuradh642@jupiteraxis,SBIN445384,Perambur
294,DEV317452020,santosh872@oksbi,KKBK424959,Shivajinagar
295,DEV321525324,seemach853@okaxis,IOBA884014,Andheri-W
296,DEV279809837,ravishe553@ptyes,CITI183595,Electronic City
297,DEV405242524,arjunsi569@ybl,BARB105189,Kondhwa
298,DEV141495225,nandini897@upi,BARB323624,Lajpat Nagar
299,DEV775883222,shantia516@ybl,UBIN271205,Mehdipatnam
300,DEV381292993,karthik216@apl,CITI155446,Sodala
301,DEV918677683,tarabal110@ibl,AXIS816316,Chrompet
302,DEV637788786,praveen769@ptyes,IOBA751272,Malviya Nagar
303,DEV061730241,madhuri752@ibl,BARB973088,Yelahanka
304,DEV032542100,sarikab496@jupiteraxis,RATN186553,Secunderabad
305,DEV853286916,hemagho553@ibl,HDFC479099,Pimpri
306,DEV038027526,vidyaro169@apl,UBIN271205,Dwarka-Sec10
307,DEV855922040,latapil747@okhdfcbank,UBIN510666,Electronic City
308,DEV418875111,nishase394@okicici,UBIN799730,Goregaon
309,DEV416674550,pavanpa823@okhdfcbank,ICIC902882,Andheri-W
310,DEV698021606,saravan539@okhdfcbank,YESB322811,Nirman Nagar
311,DEV193215507,rameshg902@upi,RATN787342,Tonk Rd
312,DEV978324666,kavitas814@ibl,BARB339266,Sanganer
313,DEV569993958,sowmyab752@ybl,SBIN777010,Tonk Rd
314,DEV705240565,girishp359@oksbi,SBIN559980,Kurla
315,DEV202693569,vanisun557@jupiteraxis,HDFC688042,Aundh
316,DEV955391721,sudhirk21@apl,SBIN295130,Raja Park
317,DEV445594572,rupadwi711@ptyes,YESB177810,CP
318,DEV345109587,vikramr381@apl,AXIS822537,Vaishali Nagar
319,DEV234423383,nandini791@okaxis,IOBA110533,Sodala
320,DEV559926884,kavitha347@okhdfcbank,CNRB411337,CP
321,DEV010840331,priyada254@okhdfcbank,PUNB433469,Malviya Nagar
322,DEV512520169,kamlawa568@okicici,SBIN762018,Murlipura
323,DEV666870385,suganya286@oksbi,SBIN901674,Hinjewadi
324,DEV411216864,rajeevy477@ptyes,UTIB220163,Avadi
325,DEV742382910,swatisu716@jupiteraxis,UBIN721893,Dilsukhnagar
326,DEV842131885,muralib700@jupiteraxis,CNRB958798,Whitefield
327,DEV616456400,shantis449@ptyes,AXIS125984,Tambaram
328,DEV273212942,senthil332@jupiteraxis,UTIB714268,T Nagar
329,DEV038502297,snehaba342@upi,HDFC117839,Andheri-W
330,DEV612360226,karthik601@ptyes,UBIN271205,JP Nagar
331,DEV336668863,vivekku439@apl,UBIN489621,Kukatpally
332,DEV433070907,tarapil209@upi,KKBK199337,C Scheme
333,DEV273140953,shankar918@ibl,IOBA700461,Worli
334,DEV435726133,jyotira163@ptyes,SBIN376208,Whitefield
335,DEV129758260,rajande869@oksbi,YESB409829,Dwarka-Sec10
336,DEV181747066,nishapr607@oksbi,UBIN271205,Andheri-W
337,DEV945986670,arunsel627@oksbi,BARB884148,Jagatpura
338,DEV585718339,swapnat960@jupiteraxis,HDFC828478,Porur
339,DEV368916630,bhavana270@okaxis,RATN104189,Mansarovar
340,DEV963996777,prabhud719@ibl,IOBA514885,Kurla
341,DEV965311601,praveen445@jupiteraxis,HDFC816234,Chrompet
342,DEV396511424,balamur892@jupiteraxis,UTIB814134,Raja Park
343,DEV726125619,senthil560@jupiteraxis,UBIN738742,Mulund
344,DEV917162946,harishc581@okhdfcbank,KKBK250917,Baner
345,DEV707634697,gauravr938@paytm,CNRB232144,Baner
346,DEV077227431,rameshc377@ptyes,SBIN334635,Bandra-E
347,DEV273140953,sunanda715@okhdfcbank,UTIB520400,Mayur Vihar
348,DEV766161696,hemantb886@paytm,IOBA161161,Perambur
349,DEV224237254,nikhilr874@okicici,HDFC117839,Bandra-E
350,DEV344389022,ravisub736@upi,CITI155446,Dadar
351,DEV692452186,sudhirg487@paytm,RATN605362,Bandra-E
352,DEV446573859,swapnar173@okhdfcbank,AXIS655326,Preet Vihar
353,DEV073269810,rahulsh655@okhdfcbank,SBIN159164,Malviya Nagar
354,DEV689188110,bhavana383@upi,YESB541607,Tonk Rd
355,DEV643923241,swapnac120@okhdfcbank,CNRB352214,Jagatpura
356,DEV898828987,anuradh616@upi,PUNB712590,Borivali-N
357,DEV546511184,taradey666@ibl,KKBK228832,Borivali-N
358,DEV993295899,vikramj827@okaxis,UTIB962510,Sanganer
359,DEV436866956,suganya11@ybl,ICIC129921,Malviya Nagar
360,DEV889996245,bhavana566@ptyes,UTIB975567,Indiranagar
361,DEV348132467,vanimuk603@ybl,PUNB353803,Rohini-Sec3
362,DEV606890980,sunitak317@paytm,YESB689446,Preet Vihar
363,DEV314017172,madhuri596@okhdfcbank,HDFC655587,Preet Vihar
364,DEV302347699,vivekka600@okaxis,CNRB129227,Hadapsar
365,DEV145558640,kavitav503@okaxis,RATN431365,Kukatpally
366,DEV648644865,archana416@okicici,HDFC983228,Banjara Hills
367,DEV367893647,rekhash520@apl,ICIC484125,Borivali-N
368,DEV438111293,shwetan247@ybl,BARB846437,HSR Layout
369,DEV117648241,divyadw678@ptyes,CNRB830707,Whitefield
370,DEV859830504,rameshb872@paytm,HDFC547794,Begumpet
371,DEV862861293,hemantd377@oksbi,YESB546958,Secunderabad
372,DEV141343725,shalini586@oksbi,UBIN230094,Begumpet
373,DEV378569179,radhati958@apl,RATN224108,Chinchwad
374,DEV985686806,rakeshc826@oksbi,CNRB984663,Dwarka-Sec10
375,DEV746290889,manishs542@okicici,YESB907969,Baner
376,DEV392408307,snehadu910@ybl,IOBA497414,Banjara Hills
377,DEV342832571,raviven572@okhdfcbank,UBIN335778,T Nagar
378,DEV273212942,kamlakr120@ptyes,AXIS234881,Kondhwa
379,DEV778846557,rajande263@ptyes,YESB902199,Thane-W
380,DEV416674550,nandini213@okhdfcbank,IOBA732069,Ameerpet
381,DEV917845138,vijaymi68@ptyes,BARB720813,Shivajinagar
382,DEV314367073,praveen720@oksbi,BARB846437,Whitefield
383,DEV361084289,sudhabh625@okaxis,YESB219783,Baner
384,DEV450154939,shankar964@upi,UTIB746378,Worli
385,DEV045312599,yogeshd723@jupiteraxis,BARB846437,LB Nagar
386,DEV391937813,karthik926@upi,CITI709168,Dilsukhnagar
387,DEV853901482,nishama809@okhdfcbank,UTIB389973,Chrompet
388,DEV653257794,nikhilr874@okicici,KKBK568957,Vasant Kunj
389,DEV999242070,rajeevs912@okicici,PUNB909501,Mulund
390,DEV177668098,rupakum159@apl,CNRB143491,Kurla
391,DEV973514914,shrutig97@ibl,PUNB219587,Kothrud
392,DEV493123228,saravan216@upi,UTIB918121,Saket
393,DEV596562110,saravan952@ybl,SBIN201922,Wakad
394,DEV693355564,rohankh566@apl,UTIB389973,Tonk Rd
395,DEV033869204,vijayma763@okhdfcbank,YESB420312,Worli
396,DEV095785180,vidyash334@jupiteraxis,UBIN791602,Secunderabad
397,DEV483183264,kavitha624@ybl,KKBK163297,Murlipura
398,DEV104309174,sunilma715@ptyes,IOBA160476,Bellandur
399,DEV666623470,nareshj84@okaxis,CITI433208,Velachery
400,DEV185287617,sowmyag386@apl,CITI408125,Mehdipatnam
